,Links,Name,Price,Price_true
0,https://www.mercadolibre.com.co/laptop-asus-m515da-gris-156-amd-ryzen-5-3500u-16gb-de-ram-1tb-hdd-512gb-ssd-amd-radeon-rx-vega-8-ryzen-20003000-1920x1080px-windows-10/p/MCO19686117?pdp_filters=price:2500000-5000000%7Ccategory:MCO1652#searchVariation=MCO19686117&position=1&search_layout=stack&type=product&tracking_id=ef501fab-7e7a-4693-9102-37cb458bf275,"Laptop Asus M515DA gris 15.6"", AMD Ryzen 5 3500U  16GB de RAM 1TB HDD 512GB SSD, AMD Radeon RX Vega 8 (Ryzen 2000/3000) 1920x1080px Windows 10",2696671 pesos,2696671 pesos$2.696.671
1,https://www.mercadolibre.com.co/laptop-asus-m3500qa-l1224-ryzen-7-5800h-16gb-512gb-ssd/p/MCO20539504?pdp_filters=price:2500000-5000000%7Ccategory:MCO1652#searchVariation=MCO20539504&position=2&search_layout=stack&type=product&tracking_id=ef501fab-7e7a-4693-9102-37cb458bf275,Laptop Asus M3500qa-l1224 Ryzen 7 5800h 16gb 512gb Ssd,3811081 pesos,3811081 pesos$3.811.081
2,https://articulo.mercadolibre.com.co/MCO-1153856407-portatil-asus-core-i7-ram-16gb-ssd-512gb-fhd-x515ea-huella-_JM?searchVariation=176198447951#searchVariation=176198447951&position=7&search_layout=stack&type=item&tracking_id=ef501fab-7e7a-4693-9102-37cb458bf275,Portatil Asus Core I7 Ram 16gb Ssd 512gb Fhd X515ea Huella,Antes: 3400000 pesos,3049900 pesos$3.049.90010% OFF
3,https://articulo.mercadolibre.com.co/MCO-1193106107-laptop-asus-onceava-intel-i7-1165g7-16gb-ram-512gb-ssd-fhd-_JM?searchVariation=176359813455#searchVariation=176359813455&position=8&search_layout=stack&type=item&tracking_id=ef501fab-7e7a-4693-9102-37cb458bf275,Laptop Asus Onceava Intel I7 1165g7 16gb Ram 512gb Ssd Fhd,Antes: 4857000 pesos,3299900 pesos$3.299.90032% OFF
4,https://articulo.mercadolibre.com.co/MCO-1023130499-laptop-asus-m515-156-ryzen-5-3500u-16gb-1tb-hdd-512gb-ssd-_JM?searchVariation=175608627045#searchVariation=175608627045&position=11&search_layout=stack&type=item&tracking_id=ef501fab-7e7a-4693-9102-37cb458bf275,Laptop Asus M515 15.6 Ryzen 5 3500u 16gb  1tb Hdd+ 512gb Ssd,2725393 pesos,2725393 pesos$2.725.393
5,https://articulo.mercadolibre.com.co/MCO-1250899685-asus-intel-core-i7-1165g7-disco-ssd-1tb-ram-16gb-mx-330-2gb-_JM?searchVariation=176741133933#searchVariation=176741133933&position=12&search_layout=stack&type=item&tracking_id=ef501fab-7e7a-4693-9102-37cb458bf275,Asus Intel Core I7 1165g7 Disco Ssd 1tb Ram 16gb Mx 330 2gb,4069900 pesos,4069900 pesos$4.069.900
6,https://articulo.mercadolibre.com.co/MCO-898238133-portatil-hp-ryzen-5-5500u-16gb-512gb-ssd-156-fhd-rosa-win11-_JM?searchVariation=174551467208#searchVariation=174551467208&position=13&search_layout=stack&type=item&tracking_id=ef501fab-7e7a-4693-9102-37cb458bf275,"Portátil Hp Ryzen 5 5500u 16gb 512gb Ssd 15,6 Fhd Rosa Win11",2799950 pesos,2799950 pesos$2.799.950
7,https://articulo.mercadolibre.com.co/MCO-1364841798-portatil-asus-amd-ryzen-5-4600h-disco-ssd-1tb-ram-16gb-_JM?searchVariation=177231024866#searchVariation=177231024866&position=14&search_layout=stack&type=item&tracking_id=ef501fab-7e7a-4693-9102-37cb458bf275,Portatil Asus Amd Ryzen 5 4600h Disco Ssd 1tb + Ram 16gb ,2679900 pesos,2679900 pesos$2.679.900
8,https://click1.mercadolibre.com.co/mclics/clicks/external/MCO/count?a=CR37SznRmUyGn9d2SMn%2FOKtd8g0aekVzarv1PAuR%2Bb5es7tglrM27hAVK3R%2BpmRzcsWXvdJaKOdO9z6EBaF84DGJxXDb1IVnIT%2B71fB2sORdNsBThm7APn9wSnDyzA%2B2b687ju7T1%2FiR68%2FFhLLnqdVihOw6WZA9RgcBJjvqf%2BB3ZytVsKtN8hvN1%2Brm%2BfLIQ5SbctsuZrHVBFYzA9q5WnJyKuRWJI66Ikho42RENMuj7MtBPdiSZ2j6dlXTkHjIOmRYMx1gVA8Vsk11XRUk%2BgHy4ePzqoqAO3y9AzN7689oc7t5gYEZ8r1m%2Biw2mT%2B3hAPEARiP%2BnebTMEVkXLXpUJQ8BISR3W4fncwtu%2F7wHMhX7%2B8Ad6Xgjk8DZj1CEb0hO1TXQXq%2Bmp2FO2rr%2Fo0IVy%2B07WfoX8Cp%2FkqFchK6py%2Fnt6uNP3MlqWwPgxWjGZJR9YMNspX2%2Bn679dx25F6k2L8pYEHW%2FyyOuFqbDYbw01h%2B1h316F9RgKEzon3ZWGutxCLfNxSdpsquUWOZCVHqL45KnMSttPcKWiF%2BSiy9WxcvucCARNKBhDpwGG3NhtgGbAtemkaKcFY%2Bl%2Ffg4efjhtW0KuMjm2IwvhbW%2FqtI%2FVFJyTGngoQqCy32zVQKJQR8B4G8fZxRcd7AUJyOLqhuUMDS%2ByKdpcJptnZVTyQZUFq%2Ba0jddfLr7AH3AVzCgkR64HARlBTpTwrUo8hWIAP&rb=x,Portatil Asus Core I7 Ram 16gb Ssd 512gb Fhd X515ea Huella,Antes: 3400000 pesos,3049900 pesos$3.049.90010% OFF
9,https://click1.mercadolibre.com.co/mclics/clicks/external/MCO/count?a=XJhzS8LiCY48q%2B1KsFL%2BfcL%2BfqXa5DITI6dlNo334INgZ%2FTTY3xSDNOp6CvkTHGj4qBU6AubeAKEt1Wqo3i4P4aavXlY0UJJnBkOBA5rGsvd9kxp9Wo6Sj5bhV12Se2GKx0%2FHoiokIJCLGwvHDn4FoIt4VZwMbklLQXIH7pvFK8M%2FIc%2BdFSPsnZT2NBEOsqc3xR7iNu20NDhLTqxGdHTDwDebJsnyRYoAftiCghG%2Fg%2FLUeQOeZfLMyFyFqRBgtYdxu8Ovv33h3QE56C%2Bhz5q2VUJ353G8MzTMhDZzExJK%2BoBcYGTZYiRCZgBMv6WYpjwcFUnPAFIqE1uIrwjTwM0%2FRnJoT2ntk20AYYcVq5svCErbZnUbmmUIVpdhf9XtEvCpd%2Bjr%2FIex589LnHodNpZ8b%2FVqeLFRxCYi%2F6hL1WPOflUv%2FuH%2BGyrqh8EYfMIZxrbFgl1LUX%2F4bfAGduu%2B3hJlUlUW5fNnD6WncgrOMsfbtgJ29yn6U1Dwb2iYAN1Hb1fIA3j7uEh6N032W%2FeeVFPZalY2OEGT6OEEebaQtvFsd6zVPG7Sh9db8YQokoI4evAbMlA5WVNFp1K5fBIllJ39uFheV46JVzLyUz5w1lPEH6IlE5%2BiwImb1FFhsPPUja6vxMNynhNVovNwxFYSguCf%2Fm0FYNRzfr0cYXmQoeaSfekIkOZKGQW%2BXEddj3nKpgV80POfCYj&rb=x, Hp 15-dw1510la Intel Core I7 10510u 16gb-512ssd,3640900 pesos,3640900 pesos$3.640.900
10,https://articulo.mercadolibre.com.co/MCO-576029227-portatil-hp-14-core-i5-10gen-ram-16gb-512gb-ssd-quadcore-_JM?searchVariation=61619439779#searchVariation=61619439779&position=15&search_layout=stack&type=item&tracking_id=ef501fab-7e7a-4693-9102-37cb458bf275,"Portátil Hp 14, Core I5 10gen, Ram 16gb, 512gb Ssd, Quadcore",2899000 pesos,2899000 pesos$2.899.000
11,https://articulo.mercadolibre.com.co/MCO-1194558267-portatil-asus-intel-core-i5-1240p-disco-ssd-1tb-ram-16gb-_JM?searchVariation=176367848768#searchVariation=176367848768&position=16&search_layout=stack&type=item&tracking_id=ef501fab-7e7a-4693-9102-37cb458bf275,Portatil Asus Intel Core I5 1240p Disco Ssd 1tb + Ram 16gb,3069900 pesos,3069900 pesos$3.069.900
12,https://articulo.mercadolibre.com.co/MCO-1131185323-laptop-asus-tuf-onceava-i5-11300h-ram-16gb-ssd-512gb-rtx3050-_JM?searchVariation=176068854099#searchVariation=176068854099&position=17&search_layout=stack&type=item&tracking_id=ef501fab-7e7a-4693-9102-37cb458bf275,Laptop Asus Tuf Onceava I5 11300h Ram 16gb Ssd 512gb Rtx3050,4163999 pesos,4163999 pesos$4.163.999
13,https://articulo.mercadolibre.com.co/MCO-1116354581-portatil-lenovo-amd-ryzen-5-5500u-ssd-1tb-hdd-1tb-ram-12gb-_JM?searchVariation=176016026817#searchVariation=176016026817&position=18&search_layout=stack&type=item&tracking_id=ef501fab-7e7a-4693-9102-37cb458bf275,Portatil Lenovo Amd Ryzen 5 5500u Ssd 1tb Hdd 1tb Ram 12gb,2549900 pesos,2549900 pesos$2.549.900
14,https://articulo.mercadolibre.com.co/MCO-1254218239-laptop-asus-vivobook-x1503za-core-i5-12gen-ssd-512gb-16gb-_JM#position=21&search_layout=stack&type=item&tracking_id=ef501fab-7e7a-4693-9102-37cb458bf275,Laptop Asus Vivobook X1503za Core I5 12gen Ssd 512gb 16gb ,Antes: 3900000 pesos,3625000 pesos$3.625.0007% OFF
15,https://articulo.mercadolibre.com.co/MCO-946652404-portatil-asus-intel-core-i5-1135g7-ssd-1tb-ram-12gb-led-14-_JM?searchVariation=175073373718#searchVariation=175073373718&position=22&search_layout=stack&type=item&tracking_id=ef501fab-7e7a-4693-9102-37cb458bf275,Portatil Asus Intel Core I5 1135g7 Ssd 1tb Ram 12gb Led 14,2599900 pesos,2599900 pesos$2.599.900
16,https://articulo.mercadolibre.com.co/MCO-1265481801-laptop-asus-x1502za-core-i5-12av-gen-ssd-500gb-16gb-win-11-_JM?searchVariation=176872570917#searchVariation=176872570917&position=23&search_layout=stack&type=item&tracking_id=ef501fab-7e7a-4693-9102-37cb458bf275,Laptop Asus X1502za Core I5 12av Gen Ssd 500gb 16gb Win 11,Antes: 3099000 pesos,2913000 pesos$2.913.0006% OFF
17,https://articulo.mercadolibre.com.co/MCO-1119369572-laptop-asus-m515da-ryzen-7-3700u-1tb-512gb-16gb-vega-156-_JM?searchVariation=176028349751#searchVariation=176028349751&position=24&search_layout=stack&type=item&tracking_id=ef501fab-7e7a-4693-9102-37cb458bf275,"Laptop  Asus M515da Ryzen 7 3700u 1tb + 512gb 16gb Vega 15,6",2900000 pesos,2900000 pesos$2.900.000
18,https://click1.mercadolibre.com.co/mclics/clicks/external/MCO/count?a=ppWT2Non5IiR%2FDJun72OI93mIkY0SnFqtUhcPmXhKO87CMDYBIOFUipuylipwARuBCPAOou2BdqnJ06xM98VOQjvuCK%2BMHSSsPcQPePsb6WspjgroLFus%2FEP6kCnRo6EZ%2B7hkH5tvawI0ohx1Q7OxfhFMtXvsBo%2BvwSoG4Gup5vDlNrN0swfUKY2lSJ1WgLCQhitAs7qq01MwTr42rVcDdoxsyinBVUMbwvsHQPuWRaytC0BRSH2FvLn4zukUkO5t5bR4BBKJaGvRtue4VEVGu8DLJG%2BnqLlfCWo%2FmGODEZVsPeEU4JLGpJ8BY%2BhSXrZa9xvz02%2BqhY1xL7VSXPcNSDkZZDhe9IPg%2BI0Pf2yNmxPx84nUeY0PkVr3b6xhOYbAwhlVOt%2FezmXTZ%2Bb3eO2DZBd6mGPVv%2BR2DpBsjWEwICZy1HdsVwkOFsV%2BXJxwRDS%2BA6o7Pwcn7DIlQu%2FqHyQshVodbV941tTkKrrTBxowPZePO5v8U2uo42Ogz5uSE5mrDIEFe3aZBV091%2BLJG6yS4Z01s78IjJ3OLTa7tSWwUQna97P9DEdDtpLCyfWgZo8ijHmBaP3%2BR7zIyFB0yJSqmEyIxkgBvisQMpVNn1BY8bnKHmmxZFb366yMcbDts5SkZd84ZqMaMrVJwoi2UWw5JatY%2FRoz9OFaA%2BJCOrccYaGbzjA2pZuIB%2BTcr0xQEbtxo6sQtG6M3I%3D&rb=x,Hp 15-dw1510la Intel Core I7 10510u 12gb-512 15.6 ,3529900 pesos,3529900 pesos$3.529.900
19,https://click1.mercadolibre.com.co/mclics/clicks/external/MCO/count?a=9MAzcq07rqBcaX7IN1KQ0H6RfDk%2FBm9QCUK02oZDkL24pgyp%2Fkb%2BTEUe4Jy%2F5B47tJFvpGqZjPK83r44QafyoyY1AGxUONIrlf5nXW65zr5B1eax61YAvnpNR%2FCNp%2FtGVRyvMZAzot7FZuMjWcjS3VIUVkKaNbOFOVRbNkSnNX%2BXXNMBsY3I6yaIqyhFWpsASSItdyr8e9UiHYPfgriLjy2iEPsebEaZTjGBAAwf5eeHw%2F9lIBybtC4n4Nw2RAVSbxrwZHBWjJ0uMzKbGOGPyJltU2doZ%2FMPkKx%2Bb1WDLP9OSZsDTp5jH1MyJWd8FeukzYrJqXVj7wcfeDEOJmhUY6sUWxF4LtFIBFgGeJ8fnHQcgxy%2FXtLMBtEaNviU9hbNBtDdqGPziulMvj6i3TS%2Flk9%2FrI6VpS0ZUUgkMumCFYRCVaSZ7uhqD8W2iPRMdr87A2k6jSaMOYZJuNauzlDMCLW4KdhM966i67rJ8BSfHpmnClvbesRL8I1mvdJHgPa1IF8XlZSZr3o%2FWmnlCZvd%2FrL1mb1KGgjcS4EE%2BWxHdy56hYhS1Cbbe41iMA4tH6zQMyMrSSnSDPD6eji8tlyXRWFrn%2BAaTejeSAY6zif2V7M%2BcF183TF7Izvqz72nvkM6hyYY0C8eC%2FEEo7p9kjfMBVjoOXEl%2FFfYzVgB65wLXYvWuCxCIV4hf5S0YjFSryFOyzETDZkzwbMY6XO%2BZj0Kzd79&rb=x,Portatil Hp Ryzen 7-5700u 16gb 512gb Ssd 15 Hd No Touch Uma ,Antes: 4999000 pesos,3599000 pesos$3.599.00028% OFF
20,https://articulo.mercadolibre.com.co/MCO-824192761-portatil-hp-14-core-i3-10a-gen-16gb-ram-512gb-ssd-rj45-usb-c-_JM?searchVariation=173833660976#searchVariation=173833660976&position=25&search_layout=stack&type=item&tracking_id=ef501fab-7e7a-4693-9102-37cb458bf275,Portátil Hp 14 Core I3 10a Gen 16gb Ram 512gb Ssd Rj45 Usb C,2699000 pesos,2699000 pesos$2.699.000
21,https://www.mercadolibre.com.co/laptop-gamer-asus-tuf-gaming-f15-fx506hc-eclipse-gray-156-intel-core-i5-11400h-16gb-de-ram-1512gb-ssd-nvidia-geforce-rtx-3050-144-hz-1920x1080px-windows-10-home/p/MCO20885775?pdp_filters=price:2500000-5000000%7Ccategory:MCO1652#searchVariation=MCO20885775&position=3&search_layout=stack&type=product&tracking_id=ef501fab-7e7a-4693-9102-37cb458bf275,"Laptop gamer Asus TUF Gaming F15 FX506HC eclipse gray 15.6"", Intel Core i5 11400H  16GB de RAM 1512GB SSD, NVIDIA GeForce RTX 3050 144 Hz 1920x1080px Windows 10 Home",4550000 pesos,4550000 pesos$4.550.000
22,https://www.mercadolibre.com.co/laptop-asus-vivobook-15-oled-k513ea-transparent-silver-156-intel-core-i5-1135g7-12gb-de-ram-512gb-ssd-intel-iris-xe-graphics-g7-80eus-1920x1080px-windows-11/p/MCO18923543?pdp_filters=price:2500000-5000000%7Ccategory:MCO1652#searchVariation=MCO18923543&position=4&search_layout=stack&type=product&tracking_id=ef501fab-7e7a-4693-9102-37cb458bf275,"Laptop Asus VivoBook 15 OLED K513EA transparent silver 15.6"", Intel Core i5 1135G7  12GB de RAM 512GB SSD, Intel Iris Xe Graphics G7 80EUs 1920x1080px Windows 11",Antes: 3450000 pesos,3346000 pesos$3.346.0003% OFF
23,https://www.mercadolibre.com.co/laptop-gamer-asus-tuf-gaming-f15-fx506lhb-bonfire-black-156-intel-core-i5-10300h-16gb-de-ram-512gb-ssd-nvidia-geforce-gtx-1650-144-hz-1920x1080px-freedos/p/MCO19553863?pdp_filters=price:2500000-5000000%7Ccategory:MCO1652#searchVariation=MCO19553863&position=5&search_layout=stack&type=product&tracking_id=ef501fab-7e7a-4693-9102-37cb458bf275,"Laptop gamer Asus TUF Gaming F15 FX506LHB bonfire black 15.6"", Intel Core i5 10300H  16GB de RAM 512GB SSD, NVIDIA GeForce GTX 1650 144 Hz 1920x1080px FreeDOS",4735500 pesos,4735500 pesos$4.735.500
24,https://articulo.mercadolibre.com.co/MCO-1198993954-laptop-hp-gaming-r5-4600h-16gb-512gb-ssd-gtx-1650ti-156-win-_JM?searchVariation=176391642701#searchVariation=176391642701&position=26&search_layout=stack&type=item&tracking_id=ef501fab-7e7a-4693-9102-37cb458bf275,"Laptop Hp Gaming R5 4600h 16gb 512gb Ssd Gtx 1650ti 15,6 Win",3900000 pesos,3900000 pesos$3.900.000
25,https://articulo.mercadolibre.com.co/MCO-1098285513-portatil-hp-ryzen-7-5700u-16gb-512gb-ssd-15-hd-no-touch-uma-_JM#position=27&search_layout=stack&type=item&tracking_id=ef501fab-7e7a-4693-9102-37cb458bf275,Portatil Hp Ryzen 7-5700u 16gb 512gb Ssd 15 Hd No Touch Uma ,Antes: 4999000 pesos,3599000 pesos$3.599.00028% OFF
26,https://articulo.mercadolibre.com.co/MCO-972498901-portatil-asus-intel-core-i7-1165g7-disco-ssd-512gb-ram-12gb-_JM?searchVariation=175354481998#searchVariation=175354481998&position=28&search_layout=stack&type=item&tracking_id=ef501fab-7e7a-4693-9102-37cb458bf275,Portatil Asus Intel Core I7 1165g7 Disco Ssd 512gb Ram 12gb,3569900 pesos,3569900 pesos$3.569.900
27,https://articulo.mercadolibre.com.co/MCO-1116350942-portatil-lenovo-amd-ryzen-5-5500u-ssd-1tb-hdd-1tb-ram-16gb-_JM?searchVariation=176017024419#searchVariation=176017024419&position=29&search_layout=stack&type=item&tracking_id=ef501fab-7e7a-4693-9102-37cb458bf275,Portatil Lenovo Amd Ryzen 5 5500u Ssd 1tb Hdd 1tb Ram 16gb,2639900 pesos,2639900 pesos$2.639.900
28,https://articulo.mercadolibre.com.co/MCO-1222759286-hp-15-dw1510la-intel-core-i7-10510u-16gb-512ssd-_JM?searchVariation=176507508367#searchVariation=176507508367&position=30&search_layout=stack&type=item&tracking_id=ef501fab-7e7a-4693-9102-37cb458bf275, Hp 15-dw1510la Intel Core I7 10510u 16gb-512ssd,3640900 pesos,3640900 pesos$3.640.900
29,https://articulo.mercadolibre.com.co/MCO-1198907654-lenovo-amd-ryzen-7-ssd-1tbb-hdd-1tb-ram-16gb-gtx-1650-_JM?searchVariation=176391943861#searchVariation=176391943861&position=31&search_layout=stack&type=item&tracking_id=ef501fab-7e7a-4693-9102-37cb458bf275,Lenovo Amd Ryzen 7 Ssd 1tbb + Hdd 1tb Ram 16gb Gtx 1650,4839900 pesos,4839900 pesos$4.839.900
30,https://articulo.mercadolibre.com.co/MCO-1245153901-asus-intel-core-i7-disco-ssd-512gb-ram-16gb-mx-330-2gb-_JM?searchVariation=176696045708#searchVariation=176696045708&position=32&search_layout=stack&type=item&tracking_id=ef501fab-7e7a-4693-9102-37cb458bf275,Asus Intel Core I7 Disco Ssd 512gb Ram 16gb Mx 330 2gb,3819900 pesos,3819900 pesos$3.819.900
31,https://articulo.mercadolibre.com.co/MCO-1245129029-laptop-asus-m3500qa-ryzen-7-5800h-16gb-512gb-ssd-156-oled-_JM?searchVariation=176696057377#searchVariation=176696057377&position=33&search_layout=stack&type=item&tracking_id=ef501fab-7e7a-4693-9102-37cb458bf275,"Laptop Asus M3500qa- Ryzen 7 5800h 16gb 512gb Ssd, 15,6-oled",3811081 pesos,3811081 pesos$3.811.081
32,https://articulo.mercadolibre.com.co/MCO-1001836135-portatil-acer-gamer-intel-ci5-ssd-2tb-ram-12gb-nvidia-2gb-_JM?searchVariation=175524272394#searchVariation=175524272394&position=34&search_layout=stack&type=item&tracking_id=ef501fab-7e7a-4693-9102-37cb458bf275,Portatil Acer Gamer Intel Ci5 Ssd 2tb Ram 12gb Nvidia 2gb,3349900 pesos,3349900 pesos$3.349.900
33,https://articulo.mercadolibre.com.co/MCO-1097342126-portatil-acer-intel-core-i5-1135g7-ssd-512gb-ram-12gb-fhd-_JM?searchVariation=175941605939#searchVariation=175941605939&position=35&search_layout=stack&type=item&tracking_id=ef501fab-7e7a-4693-9102-37cb458bf275,Portatil Acer Intel Core I5 1135g7 Ssd 512gb Ram 12gb Fhd,2539900 pesos,2539900 pesos$2.539.900
34,https://www.mercadolibre.com.co/laptop-lenovo-thinkpad-e14-gen-3-amd-black-14-amd-ryzen-5-5700u-16gb-de-ram-512gb-ssd-amd-radeon-rx-vega-8-ryzen-40005000-1920x1080px-windows-10-pro/p/MCO21736853?pdp_filters=price:2500000-5000000%7Ccategory:MCO1652#searchVariation=MCO21736853&position=6&search_layout=stack&type=product&tracking_id=ef501fab-7e7a-4693-9102-37cb458bf275,"Laptop Lenovo ThinkPad E14 Gen 3 (AMD) black 14"", AMD Ryzen 5 5700U  16GB de RAM 512GB SSD, AMD Radeon RX Vega 8 (Ryzen 4000/5000) 1920x1080px Windows 10 Pro",Antes: 4949888 pesos,3959910 pesos$3.959.91020% OFF
35,https://articulo.mercadolibre.com.co/MCO-950568112-portatil-acer-intel-core-i5-ssd-512gb-hdd1tb-ram-16gb-nvidia-_JM?searchVariation=175118109583#searchVariation=175118109583&position=36&search_layout=stack&type=item&tracking_id=ef501fab-7e7a-4693-9102-37cb458bf275,Portatil Acer Intel Core I5 Ssd 512gb Hdd1tb Ram 16gb Nvidia,3009900 pesos,3009900 pesos$3.009.900
36,https://articulo.mercadolibre.com.co/MCO-1026773344-lenovo-amd-ryzen-5-6600h-ssd-512gb-ram-16gb-rtx-3050-4gb-_JM?searchVariation=175620139531#searchVariation=175620139531&position=37&search_layout=stack&type=item&tracking_id=ef501fab-7e7a-4693-9102-37cb458bf275,Lenovo Amd Ryzen 5 6600h Ssd 512gb Ram 16gb Rtx 3050 4gb,4969900 pesos,4969900 pesos$4.969.900
37,https://articulo.mercadolibre.com.co/MCO-1237163619-portatil-lenovo-intel-core-i5-1135g7-disco-ssd-1tb-ram-12gb-_JM?searchVariation=176622037249#searchVariation=176622037249&position=38&search_layout=stack&type=item&tracking_id=ef501fab-7e7a-4693-9102-37cb458bf275,Portatil Lenovo Intel Core I5 1135g7 Disco Ssd 1tb Ram 12gb,2879900 pesos,2879900 pesos$2.879.900
38,https://articulo.mercadolibre.com.co/MCO-950601068-portatil-acer-intel-core-i5-ssd-1tb-hdd1tb-ram-16gb-nvidia-_JM?searchVariation=175118218581#searchVariation=175118218581&position=39&search_layout=stack&type=item&tracking_id=ef501fab-7e7a-4693-9102-37cb458bf275,Portatil Acer Intel Core I5 Ssd 1tb + Hdd1tb Ram 16gb Nvidia,3199900 pesos,3199900 pesos$3.199.900
39,https://articulo.mercadolibre.com.co/MCO-1265495669-laptop-asus-x1502za-core-i5-12av-gen-ssd-1tb-16gb-win-11-_JM?searchVariation=176870643916#searchVariation=176870643916&position=40&search_layout=stack&type=item&tracking_id=ef501fab-7e7a-4693-9102-37cb458bf275,Laptop Asus X1502za Core I5 12av Gen Ssd 1tb 16gb Win 11,Antes: 3300000 pesos,3069000 pesos$3.069.0007% OFF
40,https://articulo.mercadolibre.com.co/MCO-1265484055-laptop-asus-m1502-amd-ryzen-5-4600h-ssd-512gb-16gb-win-11-_JM?searchVariation=176873102709#searchVariation=176873102709&position=41&search_layout=stack&type=item&tracking_id=ef501fab-7e7a-4693-9102-37cb458bf275,Laptop Asus M1502 Amd Ryzen 5 4600h Ssd 512gb 16gb Win 11 ,Antes: 2800000 pesos,2520000 pesos$2.520.00010% OFF
41,https://articulo.mercadolibre.com.co/MCO-1235454528-portatil-lenovo-intel-core-i5-1135g7-disco-ssd512gb-ram-12gb-_JM?searchVariation=176601933038#searchVariation=176601933038&position=42&search_layout=stack&type=item&tracking_id=ef501fab-7e7a-4693-9102-37cb458bf275,Portatil Lenovo Intel Core I5 1135g7 Disco Ssd512gb Ram 12gb,2629900 pesos,2629900 pesos$2.629.900
42,https://articulo.mercadolibre.com.co/MCO-1033342538-laptop-gamer-lenovo-legion-5-_JM?searchVariation=175649827589#searchVariation=175649827589&position=43&search_layout=stack&type=item&tracking_id=ef501fab-7e7a-4693-9102-37cb458bf275,Laptop Gamer Lenovo Legion 5,4900000 pesos,4900000 pesos$4.900.000
43,https://articulo.mercadolibre.com.co/MCO-1253296164-asus-intel-core-i7-ssd-512gb-hdd-1tb-ram-16gb-mx-330-2gb-_JM?searchVariation=176760863421#searchVariation=176760863421&position=44&search_layout=stack&type=item&tracking_id=ef501fab-7e7a-4693-9102-37cb458bf275,Asus Intel Core I7 Ssd 512gb+ Hdd 1tb Ram 16gb Mx 330 2gb,3979900 pesos,3979900 pesos$3.979.900
44,https://articulo.mercadolibre.com.co/MCO-1226437786-hp-laptop-17-cn1053cl-intel-core-i5-1155g7-12gb1tb-_JM?searchVariation=176524559043#searchVariation=176524559043&position=45&search_layout=stack&type=item&tracking_id=ef501fab-7e7a-4693-9102-37cb458bf275,Hp Laptop 17-cn1053cl Intel Core I5-1155g7 12gb/1tb,3399000 pesos,3399000 pesos$3.399.000
45,https://articulo.mercadolibre.com.co/MCO-1205276978-lenovo-gaming-amd-ryzen-7-ssd-512gb-ram-16gb-gtx-1650-4gb-_JM?searchVariation=176420679350#searchVariation=176420679350&position=46&search_layout=stack&type=item&tracking_id=ef501fab-7e7a-4693-9102-37cb458bf275,  Lenovo Gaming Amd Ryzen 7 Ssd 512gb Ram 16gb Gtx 1650 4gb,4549900 pesos,4549900 pesos$4.549.900
46,https://articulo.mercadolibre.com.co/MCO-1205379915-computador-portatil-hp-core-i5-16gb-1tera-ssd-14-pulg-win-_JM?searchVariation=176422323631#searchVariation=176422323631&position=47&search_layout=stack&type=item&tracking_id=ef501fab-7e7a-4693-9102-37cb458bf275,Computador Portátil Hp Core I5 16gb 1tera Ssd 14 PuLG Win ,2799800 pesos,2799800 pesos$2.799.800
47,https://articulo.mercadolibre.com.co/MCO-972566334-portatil-asus-intel-core-i7-1165g7-ssd-1tb-ram-12gb-led-156-_JM?searchVariation=175353526184#searchVariation=175353526184&position=48&search_layout=stack&type=item&tracking_id=ef501fab-7e7a-4693-9102-37cb458bf275,"Portatil Asus Intel Core I7 1165g7 Ssd 1tb Ram 12gb Led 15,6",3789900 pesos,3789900 pesos$3.789.900
48,https://articulo.mercadolibre.com.co/MCO-1222753162-hp-15-dw1510la-intel-core-i7-10510u-12gb-512-156-_JM?searchVariation=176507347032#searchVariation=176507347032&position=49&search_layout=stack&type=item&tracking_id=ef501fab-7e7a-4693-9102-37cb458bf275,Hp 15-dw1510la Intel Core I7 10510u 12gb-512 15.6 ,3529900 pesos,3529900 pesos$3.529.900
49,https://articulo.mercadolibre.com.co/MCO-1205404941-computador-portatil-hp-core-i5-12gb-512gb-ssd-14-pulg-win-_JM?searchVariation=176422160948#searchVariation=176422160948&position=50&search_layout=stack&type=item&tracking_id=ef501fab-7e7a-4693-9102-37cb458bf275,Computador Portátil Hp Core I5 12gb 512gb Ssd 14 PuLG Win ,2549800 pesos,2549800 pesos$2.549.800
50,https://articulo.mercadolibre.com.co/MCO-1272666263-msi-intel-core-i5-12450h-ssd-512gb-ram-16gb-rtx-3050-4gb-_JM?searchVariation=177218719739#searchVariation=177218719739&position=51&search_layout=stack&type=item&tracking_id=ef501fab-7e7a-4693-9102-37cb458bf275,Msi Intel Core I5 12450h Ssd 512gb + Ram 16gb Rtx 3050 4gb,4819900 pesos,4819900 pesos$4.819.900
51,https://articulo.mercadolibre.com.co/MCO-1202802181-laptop-asus-core-i5-1135g7-x415ea-12gb-ssd-960gb-14-windows-_JM?searchVariation=176407701870#searchVariation=176407701870&position=52&search_layout=stack&type=item&tracking_id=ef501fab-7e7a-4693-9102-37cb458bf275,Laptop Asus Core I5 1135g7 X415ea 12gb Ssd 960gb 14 Windows ,2650000 pesos,2650000 pesos$2.650.000
52,https://articulo.mercadolibre.com.co/MCO-1198486523-lenovo-amd-ryzen-7-ssd-1tb-hdd-1tb-ram-12gb-gtx-1650-_JM?searchVariation=176389208008#searchVariation=176389208008&position=53&search_layout=stack&type=item&tracking_id=ef501fab-7e7a-4693-9102-37cb458bf275,Lenovo Amd Ryzen 7 Ssd 1tb + Hdd 1tb Ram 12gb Gtx 1650,4749900 pesos,4749900 pesos$4.749.900
53,https://articulo.mercadolibre.com.co/MCO-941340979-portatil-acer-amd-ryzen-5-5500u-ssd1tb-ram-12gb-led-156-fhd-_JM?searchVariation=174998336322#searchVariation=174998336322&position=54&search_layout=stack&type=item&tracking_id=ef501fab-7e7a-4693-9102-37cb458bf275,"Portátil Acer Amd Ryzen 5 5500u Ssd1tb Ram 12gb Led 15,6 Fhd",2659600 pesos,2659600 pesos$2.659.600
54,https://click1.mercadolibre.com.co/mclics/clicks/external/MCO/count?a=AwJyd3F6Axf97wR7Hz3y3%2F%2BEwn%2BzyTk9sOd1GZ%2FFJDf%2F0HkQgHdPdkBOprEphVI5ZZN7MMmIzgmJTPTG78eff4X%2Byqz%2BW0rm%2BkxtWvUoAAPAxyOpbGYwAOo%2BASj6URJeI1Iqy%2BxPYij1KCMKvUn3zXc3bwxpDEqzYNHY2d6sJ68pkWceidedGYUKASyjcPeuWzm7yHmxBdq48aQpjpN9JDwP4FJHNdzFOFS5O02AuN4IZdF1ZF4Ubo%2F7B2BXgqdKtpI8pHmRK%2FmItQcJe8QvIK36TE5bhDr8LDDUb51B03MyvDT7CABVEcXDs2hfmO5LROoiswrncFCSYSIMAkofVblstSFp4vH%2F3bZcpU2%2FgKANq9CovVjIbaEMDZFFOWBNtLNzQ0RNbRZ9OePNQQ8fPds4F7YsCZ3wLCTXuyYqzoK9GbrjcMRyxBEdCQtSZfmEAD4ue1Rz%2BZfRoeno%2FEiqL3HfgMHhgI5pwR4WpdoiJ9l9tv00MNYPn6X9mr2PmBSa%2Buh7K%2B6dmZSui1gjtNSlqlKT7jf7pNaiTSIP%2BMsvzFS4ZV%2Bf5dzEXkyV83nTl%2B94s%2FXy90bQfGqzzFxO%2Bs%2BwY%2B3ps%2BiIFaGcpkegTSwNLk6gsZnWzaKF56oh0MNjYwubtQfY%2Bq4LleSH9Y49LB64RyFjD%2FJ5PfD3oHj12X71dQkNuLF%2FX1E35uDfBc1w2BSyXAR8tBhyuHO5U3yrsQ%3D%3D&rb=x,Hp 15-dw1510la Intel Core I7 10510u 12gb-512 15.6 ,3529900 pesos,3529900 pesos$3.529.900
55,https://click1.mercadolibre.com.co/mclics/clicks/external/MCO/count?a=rObwfN5xwCIjn8H1ud1Grasn%2BzDLm3AXD7UTzGTToZlz54vt9rr1aVQG4wX456b2C6%2B5z%2FF4rVv%2Bodl8yrW20tHo2bSFtJusZDkRfrBvT1RrRhWVdDlZ0oZ54oQ3%2BcHibzE8AAGKdaNo5IhcdysjqFWNuS1FaVskHxsgsuENSWNp49NMvUvl0kgQt84UeNOVJ215o0mwaq3R9J%2BzmMUVip8CGLlHWnVzDorgWQT%2FkRLIJ8k%2BBawxxZOaHG%2FcVQNEJbbeBK10xqxgedKi95dzSmdD9YCae7CSK%2BXGhzFvuNtFxbd8pNz1C%2BOw049Ehgtqk5Lhd1cOfhXAZN7W0g2UL012I7tgaUpfI8cKUND49f6q1K0bje5rdoYj5K%2FuLtG6GUoNXmY0MxsFz1Dr2sYjyjMtUMDpgefx5FLPqs%2BPDqZVqbrOkkyffC9Ivh%2Bd%2F%2FMrCMGDiLVhtMyuU%2BKp7gvXKSo59%2Bxvkc1pFJPG451kBPT5%2FKn8r33hxKIJWGw3eq7Xra7c%2B341zMsawKqM9GZ3XArvlbh8ZeLgON%2FjLzYNe%2BLLDIDcWzjqbq7W86j7PnRRXJ0jLi2Mfjepu0OQq40Cpy0Yav7dIb8RiOT9SyxaWftu6KHoGL8gvpn0mXv3RO21F99v5a73mZowTGlTPBvWyQ1N1X6cUTjUNEmaTFdtPdVrbK6q4PWnuuJnF9WRwD8%2BFTg9DjfFeDczBXUURNH%2BeGLz%2BIZEfw%3D%3D&rb=x,Portatil Asus Core I7 Ram 16gb Ssd 512gb Fhd X515ea Huella,Antes: 3400000 pesos,3049900 pesos$3.049.90010% OFF
56,https://articulo.mercadolibre.com.co/MCO-950574080-portatil-acer-intel-core-i5-ssd-512gb-hdd1tb-ram-12gb-nvidia-_JM?searchVariation=175118046920#searchVariation=175118046920&position=3&search_layout=stack&type=item&tracking_id=fd995e09-5c37-40a4-9727-9713b0b58686,Portatil Acer Intel Core I5 Ssd 512gb Hdd1tb Ram 12gb Nvidia,2879900 pesos,2879900 pesos$2.879.900
57,https://articulo.mercadolibre.com.co/MCO-1250956233-asus-intel-core-i7-1165g7-disco-ssd-2tb-ram-16gb-mx-330-2gb-_JM?searchVariation=176741410522#searchVariation=176741410522&position=4&search_layout=stack&type=item&tracking_id=fd995e09-5c37-40a4-9727-9713b0b58686,Asus Intel Core I7 1165g7 Disco Ssd 2tb Ram 16gb Mx 330 2gb,4499900 pesos,4499900 pesos$4.499.900
58,https://articulo.mercadolibre.com.co/MCO-1262149092-asus-intel-core-i7-1165g7-disco-ssd-2tb-hdd-1tb-ram-16gb-_JM?searchVariation=176840862193#searchVariation=176840862193&position=5&search_layout=stack&type=item&tracking_id=fd995e09-5c37-40a4-9727-9713b0b58686,Asus Intel Core I7 1165g7 Disco Ssd 2tb + Hdd 1tb Ram 16gb,4479900 pesos,4479900 pesos$4.479.900
59,https://articulo.mercadolibre.com.co/MCO-1108611157-portatil-lenovo-amd-ryzen-5-5500u-ssd-2tb-ram-16gb-led-14-_JM?searchVariation=175994812331#searchVariation=175994812331&position=6&search_layout=stack&type=item&tracking_id=fd995e09-5c37-40a4-9727-9713b0b58686,Portatil Lenovo Amd Ryzen 5 5500u Ssd 2tb Ram 16gb Led 14,2919900 pesos,2919900 pesos$2.919.900
60,https://articulo.mercadolibre.com.co/MCO-1205409535-computador-portatil-hp-core-i5-12gb-1tera-ssd-14-pulg-win-_JM?searchVariation=176422379257#searchVariation=176422379257&position=7&search_layout=stack&type=item&tracking_id=fd995e09-5c37-40a4-9727-9713b0b58686,Computador Portátil Hp Core I5 12gb 1tera Ssd 14 PuLG Win ,2699800 pesos,2699800 pesos$2.699.800
61,https://articulo.mercadolibre.com.co/MCO-1117113665-portatil-lenovo-amd-ryzen-5-5500u-ssd-2tb-hdd-1tb-ram-12gb-_JM?searchVariation=176017199573#searchVariation=176017199573&position=8&search_layout=stack&type=item&tracking_id=fd995e09-5c37-40a4-9727-9713b0b58686,Portatil Lenovo Amd Ryzen 5 5500u Ssd 2tb Hdd 1tb Ram 12gb,2989900 pesos,2989900 pesos$2.989.900
62,https://click1.mercadolibre.com.co/mclics/clicks/external/MCO/count?a=X2B2sOBPWN1lY9VSDCk73jNIA950joaythoTQGiBeWwjJzNxe9GtAXLIeK6ZliFNR1PAnE0EupbKZ4WW39OyfuI1mGFNgVxuw4yFSKzec1UOoWiKTqd6OhhJKO6N2X6KnBh6grnleUgBNC4xr36glU4z73eKUXiSraxBn8b3u1lK%2FDwh247VDgNQiSrqfHqIci%2Flz4sTGdN6as%2FqM5GYyeo4Yax4JgF1fDnij6HntIZbCCjwJ9ohOdR2LPzq2%2BChZxLOkQKSoQm4Rn5G9VYvlQKCgOyIleHITMUHmLOvTXh5rZ0rx0CIbeLvTWqrH2GQuGi7vqcOlWCMxAUxsQP1eJD%2BR1a6KuJm6YsnJjyeRdyI%2Bw7O0K5mG6ITdqUKBzVhsgvAUbZ3gpuJ54ie%2FBq8dcWkFanihgydDi3RWExbjxK3jnjTNzrQVDkum7ke9bY4oR121%2B8Ah%2Bi3DG%2Fs0FewYssuO34HoErC7V6cwjwwg%2F4NjMTmf3XWaSOmMVWqzSz4PiLp2A4%2BqpA9U6HGcOUXgrEEzWs2yDLmR1lokAZ8xZAshTlTmN4QkgOtQb6FZ1qngSuBJISGe6KpPaSvPaIK8KBw8%2BUhmRLR7n1WoLH4Ko7ttV7gPavc0NeMDtiIEHdhYcMag3C9SbAVEr2y6MxUGCuTi0JaAHUYSxjbZA5OaEzFQqiIeL588gNNJSOD4UyujGetu5ev%2Fei%2BXdAe&rb=x, Hp 15-dw1510la Intel Core I7 10510u 16gb-512ssd,3640900 pesos,3640900 pesos$3.640.900
63,https://click1.mercadolibre.com.co/mclics/clicks/external/MCO/count?a=uWftv1QzDIK2WLEDv3hZ3GsORKcbFCNveXjXdTpfppJRkLAs3Ew%2FM2rg5F%2BhxQVYqHL%2FrJ18%2BC2vA8Fc%2FQ7g5wVZV7NJ6xPcxYO0NG%2Bk6CYKu8iLTu6TNYpArBu02%2Bs90Xr1rVE3d1umm4idFeiYXD48uB16xmcpEOrZTJInFIHil%2Bn%2B%2FYAgDtkQph%2F7gxLlSKDFf3SObFCq7fGRMuZpfVNrE4aAXcMOc5kMxAKG0nAsNryH0jq7X5eVqohno%2BY9scN%2BSGMkyOqRoZKjFfprcDdFSqOv047cckng0gz%2BRlbQB969YowmxNUnpnTas6zYHhMOLQHfVMe3s0qUialOQ3focSlHe0bXFYSNc%2BbmRXN7DUiEM1WeFFxZug9gZ5%2FW0QMi4ieQcuWvl2y4QuoW0Ee3MTSLfX61R8JYGKQOj3eTtMtzI9R32yPCWbj2VAsJd1dpfJ0DISi8dA0Z9PK1a%2BdGzolJDJdvPycUZIHnupqCYoxiVEshsqW%2FP8V3sFtyBqkE3I0Ms%2FFDWL%2BJltxyDrF7ccx81ObB1NVA%2F%2FWot0tz94ZlcSUUIKyLt%2FgdvWRIav%2FpPbhCmaD5Ma2S9jETLECVhzRxFmneyjetwTdBTXRONw2HIV73FBz42cerhNDdZpzwBeQO3Z8Yf1aihSLr7kpikeZ3HwVG4RQfDnigQ09FbzkWcqvzUCLspMFnfUlzouV%2FBEWHyFezl4xTR4XCyXixrR0K6Q6m&rb=x,Portatil Hp Ryzen 7-5700u 16gb 512gb Ssd 15 Hd No Touch Uma ,Antes: 4999000 pesos,3599000 pesos$3.599.00028% OFF
64,https://articulo.mercadolibre.com.co/MCO-1118378323-portatil-lenovo-amd-ryzen-5-5500u-ssd-2tb-hdd-1tb-ram-16gb-_JM?searchVariation=176025831160#searchVariation=176025831160&position=11&search_layout=stack&type=item&tracking_id=fd995e09-5c37-40a4-9727-9713b0b58686,Portatil Lenovo Amd Ryzen 5 5500u Ssd 2tb Hdd 1tb Ram 16gb,3079900 pesos,3079900 pesos$3.079.900
65,https://articulo.mercadolibre.com.co/MCO-1255306062-asus-intel-core-i7-ssd-1tb-hdd-1tb-ram-16gb-mx-330-2gb-_JM?searchVariation=176777033324#searchVariation=176777033324&position=12&search_layout=stack&type=item&tracking_id=fd995e09-5c37-40a4-9727-9713b0b58686,Asus Intel Core I7 Ssd 1tb+ Hdd 1tb Ram 16gb Mx 330 2gb,4229900 pesos,4229900 pesos$4.229.900
66,https://articulo.mercadolibre.com.co/MCO-1048439478-portatil-acer-amd-ryzen-7-5700u-ssd-1tb-ram-12gb-led-156-_JM?searchVariation=175723605709#searchVariation=175723605709&position=13&search_layout=stack&type=item&tracking_id=fd995e09-5c37-40a4-9727-9713b0b58686,"Portatil Acer Amd Ryzen 7 5700u Ssd 1tb Ram 12gb Led 15,6",3849900 pesos,3849900 pesos$3.849.900
67,https://articulo.mercadolibre.com.co/MCO-1195324212-portatil-asus-intel-core-i5-1240p-disco-ssd-2tb-ram-16gb-_JM?searchVariation=176372111058#searchVariation=176372111058&position=14&search_layout=stack&type=item&tracking_id=fd995e09-5c37-40a4-9727-9713b0b58686,Portatil Asus Intel Core I5 1240p Disco Ssd 2tb + Ram 16gb,3499900 pesos,3499900 pesos$3.499.900
68,https://articulo.mercadolibre.com.co/MCO-1020687892-portatil-dell-inspiron-amd-ryzen-5-3450u-ssd-2tb-ram-16gb-_JM?searchVariation=175589611615#searchVariation=175589611615&position=15&search_layout=stack&type=item&tracking_id=fd995e09-5c37-40a4-9727-9713b0b58686,Portátil Dell Inspiron Amd Ryzen 5 3450u Ssd 2tb Ram 16gb,2969900 pesos,2969900 pesos$2.969.900
69,https://articulo.mercadolibre.com.co/MCO-1033343954-laptop-asus-m515da-gris-156-ryzen5-16gb-1tb-hdd-1000gb-ssd-_JM?searchVariation=175650106112#searchVariation=175650106112&position=16&search_layout=stack&type=item&tracking_id=fd995e09-5c37-40a4-9727-9713b0b58686,Laptop Asus M515da Gris 15.6 Ryzen5 16gb 1tb Hdd+ 1000gb Ssd,2750000 pesos,2750000 pesos$2.750.000
70,https://articulo.mercadolibre.com.co/MCO-1194519083-portatil-asus-intel-core-i5-1240p-disco-ssd-1tb-ram-12gb-_JM?searchVariation=176367408775#searchVariation=176367408775&position=17&search_layout=stack&type=item&tracking_id=fd995e09-5c37-40a4-9727-9713b0b58686,Portatil Asus Intel Core I5 1240p Disco Ssd 1tb + Ram 12gb,2979900 pesos,2979900 pesos$2.979.900
71,https://articulo.mercadolibre.com.co/MCO-930653739-portatil-acer-intel-core-i5-ssd-1tb-ram-12gb-led-156-fhd-_JM?searchVariation=174874781767#searchVariation=174874781767&position=18&search_layout=stack&type=item&tracking_id=fd995e09-5c37-40a4-9727-9713b0b58686,"Portatil Acer Intel Core I5 Ssd 1tb Ram 12gb Led 15,6 Fhd",2659900 pesos,2659900 pesos$2.659.900
72,https://articulo.mercadolibre.com.co/MCO-1266299606-laptop-asus-m1502-amd-ryzen-5-4600h-ssd-1tb-tera-16gb-win-11-_JM?searchVariation=176870946612#searchVariation=176870946612&position=19&search_layout=stack&type=item&tracking_id=fd995e09-5c37-40a4-9727-9713b0b58686,Laptop Asus M1502 Amd Ryzen 5 4600h Ssd 1tb Tera 16gb Win 11,Antes: 2890000 pesos,2630000 pesos$2.630.0008% OFF
73,https://articulo.mercadolibre.com.co/MCO-950581342-portatil-acer-intel-core-i5-ssd-1tb-hdd1tb-ram-12gb-nvidia-_JM?searchVariation=175118205383#searchVariation=175118205383&position=20&search_layout=stack&type=item&tracking_id=fd995e09-5c37-40a4-9727-9713b0b58686,Portatil Acer Intel Core I5 Ssd 1tb + Hdd1tb Ram 12gb Nvidia,3069900 pesos,3069900 pesos$3.069.900
74,https://articulo.mercadolibre.com.co/MCO-1202925394-lenovo-gaming-amd-ryzen-7-ssd-1tb-ram-16gb-gtx-1650-4gb-_JM?searchVariation=176410258834#searchVariation=176410258834&position=21&search_layout=stack&type=item&tracking_id=fd995e09-5c37-40a4-9727-9713b0b58686,Lenovo Gaming Amd Ryzen 7 Ssd 1tb Ram 16gb Gtx 1650 4gb,4739900 pesos,4739900 pesos$4.739.900
75,https://articulo.mercadolibre.com.co/MCO-1266424531-laptop-hp-15-dw1510-core-i7-10th-gen-ssd-512gb-12gb-win-11-_JM?searchVariation=176919975999#searchVariation=176919975999&position=22&search_layout=stack&type=item&tracking_id=fd995e09-5c37-40a4-9727-9713b0b58686,Laptop Hp 15-dw1510 Core I7 10th Gen Ssd 512gb 12gb Win 11,Antes: 3600000 pesos,3385000 pesos$3.385.0005% OFF
76,https://articulo.mercadolibre.com.co/MCO-1262187603-asus-intel-core-i7-1165g7-disco-ssd-1tb-hdd-1tb-ram-16gb-_JM?searchVariation=176840896771#searchVariation=176840896771&position=23&search_layout=stack&type=item&tracking_id=fd995e09-5c37-40a4-9727-9713b0b58686,Asus Intel Core I7 1165g7 Disco Ssd 1tb + Hdd 1tb Ram 16gb,4039900 pesos,4039900 pesos$4.039.900
77,https://articulo.mercadolibre.com.co/MCO-941964370-portatil-acer-amd-ryzen-5-5500u-ssd-2tb-ram-12gb-led-156-_JM?searchVariation=175005360793#searchVariation=175005360793&position=24&search_layout=stack&type=item&tracking_id=fd995e09-5c37-40a4-9727-9713b0b58686,"Portátil Acer Amd Ryzen 5 5500u Ssd 2tb Ram 12gb Led 15,6",3099900 pesos,3099900 pesos$3.099.900
78,https://articulo.mercadolibre.com.co/MCO-1202787541-lenovo-amd-ryzen-7-ssd-512gb-hdd-1tb-ram-16gb-gtx-1650-_JM?searchVariation=176408595320#searchVariation=176408595320&position=25&search_layout=stack&type=item&tracking_id=fd995e09-5c37-40a4-9727-9713b0b58686,Lenovo Amd Ryzen 7 Ssd 512gb + Hdd 1tb Ram 16gb Gtx 1650,4649900 pesos,4649900 pesos$4.649.900
79,https://articulo.mercadolibre.com.co/MCO-991054592-equipo-portatil-dell-intel-core-i5-1135g7-ssd-2tb-ram-16gb-_JM?searchVariation=175481560071#searchVariation=175481560071&position=26&search_layout=stack&type=item&tracking_id=fd995e09-5c37-40a4-9727-9713b0b58686,Equipo Portatil Dell Intel Core I5 1135g7 Ssd 2tb Ram 16gb,3249900 pesos,3249900 pesos$3.249.900
80,https://articulo.mercadolibre.com.co/MCO-1092281795-portatil-acer-intel-core-i5-1135g7-ssd-1tb-ram-12gb-156-fhd-_JM?searchVariation=175916199083#searchVariation=175916199083&position=27&search_layout=stack&type=item&tracking_id=fd995e09-5c37-40a4-9727-9713b0b58686,"Portatil Acer Intel Core I5 1135g7 Ssd 1tb Ram 12gb 15,6 Fhd",2729900 pesos,2729900 pesos$2.729.900
81,https://articulo.mercadolibre.com.co/MCO-1049531515-portatil-acer-amd-ryzen-7-5700u-ssd-1tb-hdd-1tb-ram-12gb-_JM?searchVariation=175723075201#searchVariation=175723075201&position=28&search_layout=stack&type=item&tracking_id=fd995e09-5c37-40a4-9727-9713b0b58686,Portatil Acer Amd Ryzen 7 5700u Ssd 1tb + Hdd 1tb Ram 12gb,4009900 pesos,4009900 pesos$4.009.900
82,https://articulo.mercadolibre.com.co/MCO-1255828715-laptop-asus-k513e-core-i5-1135g7-ssd-512gb-12gb-oled-win-11-_JM?searchVariation=176779519418#searchVariation=176779519418&position=29&search_layout=stack&type=item&tracking_id=fd995e09-5c37-40a4-9727-9713b0b58686,Laptop Asus K513e Core I5 1135g7 Ssd 512gb +12gb Oled Win 11,Antes: 3450000 pesos,3346000 pesos$3.346.0003% OFF
83,https://articulo.mercadolibre.com.co/MCO-1277204167-hp-15-ef2526la-ryzen-7-5700u-ram-16gb-ssd-512gb-156-hd-_JM?searchVariation=177258387820#searchVariation=177258387820&position=30&search_layout=stack&type=item&tracking_id=fd995e09-5c37-40a4-9727-9713b0b58686,"Hp 15-ef2526la Ryzen 7 5700u Ram 16gb Ssd 512gb 15,6  Hd",2999950 pesos,2999950 pesos$2.999.950
84,https://articulo.mercadolibre.com.co/MCO-1293335146-portatil-hp-amd-ryzen-7-4700u-ram-12-gb-512-gb-ssd-156-_JM?searchVariation=176973770236#searchVariation=176973770236&position=31&search_layout=stack&type=item&tracking_id=fd995e09-5c37-40a4-9727-9713b0b58686,"Portátil Hp, Amd Ryzen 7 4700u, Ram 12 Gb, 512 Gb Ssd, 15.6",2690000 pesos,2690000 pesos$2.690.000
85,https://articulo.mercadolibre.com.co/MCO-1022082498-portatil-dell-amd-ryzen-5-3450u-ssd-2tb-hdd-1tb-ram-16gb-_JM?searchVariation=175598902152#searchVariation=175598902152&position=32&search_layout=stack&type=item&tracking_id=fd995e09-5c37-40a4-9727-9713b0b58686,Portátil Dell Amd Ryzen 5 3450u Ssd 2tb + Hdd 1tb Ram 16gb,3129900 pesos,3129900 pesos$3.129.900
86,https://articulo.mercadolibre.com.co/MCO-1108144298-portatil-lenovo-amd-ryzen-5-5500u-ssd-2tb-ram-12gb-led-14-_JM?searchVariation=175994503955#searchVariation=175994503955&position=33&search_layout=stack&type=item&tracking_id=fd995e09-5c37-40a4-9727-9713b0b58686,Portatil Lenovo Amd Ryzen 5 5500u Ssd 2tb Ram 12gb Led 14,2829900 pesos,2829900 pesos$2.829.900
87,https://articulo.mercadolibre.com.co/MCO-1202735496-lenovo-amd-ryzen-7-ssd-512gb-hdd-1tb-ram-12gb-gtx-1650-_JM?searchVariation=176408302368#searchVariation=176408302368&position=34&search_layout=stack&type=item&tracking_id=fd995e09-5c37-40a4-9727-9713b0b58686,Lenovo Amd Ryzen 7 Ssd 512gb + Hdd 1tb Ram 12gb Gtx 1650,4569900 pesos,4569900 pesos$4.569.900
88,https://articulo.mercadolibre.com.co/MCO-1261215730-portatil-asus-intel-core-i7-1165g7-disco-ssd-1tb-ram-16gb-_JM?searchVariation=176839152004#searchVariation=176839152004&position=35&search_layout=stack&type=item&tracking_id=fd995e09-5c37-40a4-9727-9713b0b58686,Portatil Asus Intel Core I7-1165g7 Disco Ssd 1tb Ram 16gb,3879900 pesos,3879900 pesos$3.879.900
89,https://articulo.mercadolibre.com.co/MCO-1266590714-laptop-asus-x515ea-core-i5-11av-gen-ssd-1tb-tera-16gb-fhd-_JM?searchVariation=176874913956#searchVariation=176874913956&position=36&search_layout=stack&type=item&tracking_id=fd995e09-5c37-40a4-9727-9713b0b58686,Laptop Asus X515ea Core I5 11av Gen Ssd 1tb Tera 16gb Fhd ,Antes: 3990000 pesos,3711000 pesos$3.711.0006% OFF
90,https://articulo.mercadolibre.com.co/MCO-999436234-portatil-dell-intel-core-i5-1135g7-ssd-2tb-hdd1tb-ram-16gb-_JM?searchVariation=175515032716#searchVariation=175515032716&position=37&search_layout=stack&type=item&tracking_id=fd995e09-5c37-40a4-9727-9713b0b58686,Portatil Dell Intel Core I5 1135g7 Ssd 2tb + Hdd1tb Ram 16gb,3349900 pesos,3349900 pesos$3.349.900
91,https://articulo.mercadolibre.com.co/MCO-1005888303-portatil-acer-intel-core-i5-ssd-2tb-hdd1tb-ram-12gb-nvidia-_JM?searchVariation=175538019647#searchVariation=175538019647&position=38&search_layout=stack&type=item&tracking_id=fd995e09-5c37-40a4-9727-9713b0b58686,Portatil Acer Intel Core I5 Ssd 2tb Hdd1tb Ram 12gb Nvidia,3509900 pesos,3509900 pesos$3.509.900
92,https://articulo.mercadolibre.com.co/MCO-1052206884-portatil-acer-amd-ryzen-7-5700u-ssd-512gb-hdd-1tb-ram-12gb-_JM?searchVariation=175734435872#searchVariation=175734435872&position=39&search_layout=stack&type=item&tracking_id=fd995e09-5c37-40a4-9727-9713b0b58686,Portatil Acer Amd Ryzen 7 5700u Ssd 512gb + Hdd 1tb Ram 12gb,3819900 pesos,3819900 pesos$3.819.900
93,https://articulo.mercadolibre.com.co/MCO-1202903552-lenovo-gaming-amd-ryzen-7-ssd-1tb-ram-12gb-gtx-1650-4gb-_JM?searchVariation=176410243721#searchVariation=176410243721&position=40&search_layout=stack&type=item&tracking_id=fd995e09-5c37-40a4-9727-9713b0b58686,  Lenovo Gaming Amd Ryzen 7 Ssd 1tb Ram 12gb Gtx 1650 4gb,4649900 pesos,4649900 pesos$4.649.900
94,https://articulo.mercadolibre.com.co/MCO-1237183451-portatil-lenovo-intel-core-i5-1135g7-disco-ssd-2tb-ram-12gb-_JM?searchVariation=176622420651#searchVariation=176622420651&position=41&search_layout=stack&type=item&tracking_id=fd995e09-5c37-40a4-9727-9713b0b58686,Portatil Lenovo Intel Core I5 1135g7 Disco Ssd 2tb Ram 12gb,3319900 pesos,3319900 pesos$3.319.900
95,https://articulo.mercadolibre.com.co/MCO-1255600639-asus-intel-core-i7-ssd-2tb-hdd-1tb-ram-16gb-mx-330-2gb-_JM?searchVariation=176778916624#searchVariation=176778916624&position=42&search_layout=stack&type=item&tracking_id=fd995e09-5c37-40a4-9727-9713b0b58686,Asus Intel Core I7 Ssd 2tb+ Hdd 1tb Ram 16gb Mx 330 2gb,4669900 pesos,4669900 pesos$4.669.900
96,https://articulo.mercadolibre.com.co/MCO-1262131610-asus-intel-core-i7-1165g7-disco-ssd-1tb-hdd-1tb-ram-12gb-_JM?searchVariation=176841009736#searchVariation=176841009736&position=43&search_layout=stack&type=item&tracking_id=fd995e09-5c37-40a4-9727-9713b0b58686,Asus Intel Core I7 1165g7 Disco Ssd 1tb + Hdd 1tb Ram 12gb,3949900 pesos,3949900 pesos$3.949.900
97,https://articulo.mercadolibre.com.co/MCO-1308473624-portatil-lenovo-amd-ryzen-7-5700u-disco-ssd-512gb-ram-12gb-_JM?searchVariation=177110316367#searchVariation=177110316367&position=44&search_layout=stack&type=item&tracking_id=fd995e09-5c37-40a4-9727-9713b0b58686,Portatil Lenovo Amd Ryzen 7 5700u Disco Ssd 512gb Ram 12gb,2849900 pesos,2849900 pesos$2.849.900
98,https://articulo.mercadolibre.com.co/MCO-1309213322-portatil-lenovo-amd-ryzen-7-5700u-ssd-1tb-hdd1tb-ram-16gb-_JM?searchVariation=177114941177#searchVariation=177114941177&position=45&search_layout=stack&type=item&tracking_id=fd995e09-5c37-40a4-9727-9713b0b58686,Portatil Lenovo Amd Ryzen 7 5700u Ssd 1tb+ Hdd1tb Ram 16gb,3349900 pesos,3349900 pesos$3.349.900
99,https://articulo.mercadolibre.com.co/MCO-998206859-portatil-dell-intel-core-i5-1135g7-ssd-2tb-hdd1tb-ram-12gb-_JM?searchVariation=175514983932#searchVariation=175514983932&position=46&search_layout=stack&type=item&tracking_id=fd995e09-5c37-40a4-9727-9713b0b58686,Portatil Dell Intel Core I5 1135g7 Ssd 2tb + Hdd1tb Ram 12gb,3229900 pesos,3229900 pesos$3.229.900
100,https://articulo.mercadolibre.com.co/MCO-1051677059-portatil-acer-amd-ryzen-7-5700u-ssd-2tb-ram-12gb-led-156-_JM?searchVariation=175732127390#searchVariation=175732127390&position=47&search_layout=stack&type=item&tracking_id=fd995e09-5c37-40a4-9727-9713b0b58686,"Portatil Acer Amd Ryzen 7 5700u Ssd 2tb Ram 12gb Led 15,6",4279900 pesos,4279900 pesos$4.279.900
101,https://articulo.mercadolibre.com.co/MCO-1263659357-asus-intel-core-i7-1165g7-disco-ssd-512gb-hdd-1tb-ram-12gb-_JM?searchVariation=176855128301#searchVariation=176855128301&position=48&search_layout=stack&type=item&tracking_id=fd995e09-5c37-40a4-9727-9713b0b58686,Asus Intel Core I7 1165g7 Disco Ssd 512gb + Hdd 1tb Ram 12gb,3699900 pesos,3699900 pesos$3.699.900
102,https://articulo.mercadolibre.com.co/MCO-1263838649-asus-intel-core-i7-1165g7-disco-ssd-512gb-hdd-1tb-ram-16gb-_JM?searchVariation=176855228828#searchVariation=176855228828&position=49&search_layout=stack&type=item&tracking_id=fd995e09-5c37-40a4-9727-9713b0b58686,Asus Intel Core I7 1165g7 Disco Ssd 512gb + Hdd 1tb Ram 16gb,3789900 pesos,3789900 pesos$3.789.900
103,https://articulo.mercadolibre.com.co/MCO-1270527161-portatil-lenovo-amd-ryzen-7-5700u-disco-ssd-1tb-ram-16gb-_JM?searchVariation=177036089192#searchVariation=177036089192&position=50&search_layout=stack&type=item&tracking_id=fd995e09-5c37-40a4-9727-9713b0b58686,Portatil Lenovo Amd Ryzen 7 5700u Disco Ssd 1tb + Ram 16gb,3189900 pesos,3189900 pesos$3.189.900
104,https://articulo.mercadolibre.com.co/MCO-1274273748-laptop-hp-15-dw1510-core-i7-10th-gen-ssd-512gb-16gb-win-11-_JM?searchVariation=176920124525#searchVariation=176920124525&position=51&search_layout=stack&type=item&tracking_id=fd995e09-5c37-40a4-9727-9713b0b58686,Laptop Hp 15-dw1510 Core I7 10th Gen Ssd 512gb 16gb Win 11,Antes: 3700000 pesos,3442000 pesos$3.442.0006% OFF
105,https://articulo.mercadolibre.com.co/MCO-1308573670-portatil-lenovo-amd-ryzen-7-5700u-disco-ssd-512gb-ram-16gb-_JM?searchVariation=177034882052#searchVariation=177034882052&position=52&search_layout=stack&type=item&tracking_id=fd995e09-5c37-40a4-9727-9713b0b58686,Portatil Lenovo Amd Ryzen 7 5700u Disco Ssd 512gb Ram 16gb,2939900 pesos,2939900 pesos$2.939.900
106,https://articulo.mercadolibre.com.co/MCO-1026737675-laptop-asus-m515da-gris-156-amd-ryzen-5-3500u-16-gb-512-_JM?searchVariation=175619869433#searchVariation=175619869433&position=53&search_layout=stack&type=item&tracking_id=fd995e09-5c37-40a4-9727-9713b0b58686,"Laptop Asus M515da Gris 15.6 , Amd Ryzen 5 3500u  16 Gb 512",2780000 pesos,2780000 pesos$2.780.000
107,https://articulo.mercadolibre.com.co/MCO-1195310706-portatil-asus-intel-core-i5-1240p-disco-ssd-2tb-ram-12gb-_JM?searchVariation=176372012068#searchVariation=176372012068&position=54&search_layout=stack&type=item&tracking_id=fd995e09-5c37-40a4-9727-9713b0b58686,Portatil Asus Intel Core I5 1240p Disco Ssd 2tb + Ram 12gb,3419900 pesos,3419900 pesos$3.419.900
108,https://articulo.mercadolibre.com.co/MCO-1275153135-lenovo-intel-core-i5-12450h-ssd-1tb-ram-16gb-rtx-3050-4gb-_JM?searchVariation=177340854273#searchVariation=177340854273&position=2&search_layout=stack&type=item&tracking_id=08c2a574-223f-41c0-80c3-1a212b64339a,Lenovo Intel Core I5 12450h Ssd 1tb + Ram 16gb Rtx 3050 4gb,4689900 pesos,4689900 pesos$4.689.900
109,https://articulo.mercadolibre.com.co/MCO-1205336519-lenovo-gaming-amd-ryzen-7-ssd-512gb-ram-12gb-gtx-1650-4gb-_JM?searchVariation=176420576798#searchVariation=176420576798&position=3&search_layout=stack&type=item&tracking_id=08c2a574-223f-41c0-80c3-1a212b64339a,Lenovo Gaming Amd Ryzen 7 Ssd 512gb Ram 12gb Gtx 1650 4gb,4469900 pesos,4469900 pesos$4.469.900
110,https://articulo.mercadolibre.com.co/MCO-991067008-equipo-portatil-dell-intel-core-i5-1135g7-ssd-2tb-ram-12gb-_JM?searchVariation=175481541787#searchVariation=175481541787&position=4&search_layout=stack&type=item&tracking_id=08c2a574-223f-41c0-80c3-1a212b64339a,Equipo Portatil Dell Intel Core I5 1135g7 Ssd 2tb Ram 12gb,3129900 pesos,3129900 pesos$3.129.900
111,https://articulo.mercadolibre.com.co/MCO-1052201154-portatil-acer-amd-ryzen-7-5700u-ssd-512gb-ram-12gb-led-156-_JM?searchVariation=175734767716#searchVariation=175734767716&position=5&search_layout=stack&type=item&tracking_id=08c2a574-223f-41c0-80c3-1a212b64339a,"Portatil Acer Amd Ryzen 7 5700u Ssd 512gb Ram 12gb Led 15,6",3659900 pesos,3659900 pesos$3.659.900
112,https://articulo.mercadolibre.com.co/MCO-1270597511-portatil-lenovo-amd-ryzen-7-5700u-disco-ssd-2tb-ram-12gb-_JM?searchVariation=177036231824#searchVariation=177036231824&position=6&search_layout=stack&type=item&tracking_id=08c2a574-223f-41c0-80c3-1a212b64339a,Portatil Lenovo Amd Ryzen 7 5700u Disco Ssd 2tb + Ram 12gb,3539900 pesos,3539900 pesos$3.539.900
113,https://articulo.mercadolibre.com.co/MCO-1021005318-portatil-dell-inspiron-amd-ryzen-5-3450u-ssd-2tb-ram-12gb-_JM?searchVariation=175589506846#searchVariation=175589506846&position=7&search_layout=stack&type=item&tracking_id=08c2a574-223f-41c0-80c3-1a212b64339a,Portátil Dell Inspiron Amd Ryzen 5 3450u Ssd 2tb Ram 12gb,2879900 pesos,2879900 pesos$2.879.900
114,https://articulo.mercadolibre.com.co/MCO-1092333533-portatil-acer-intel-core-i5-1135g7-ssd-2tb-ram-12gb-156-fhd-_JM?searchVariation=175916473251#searchVariation=175916473251&position=8&search_layout=stack&type=item&tracking_id=08c2a574-223f-41c0-80c3-1a212b64339a,"Portatil Acer Intel Core I5 1135g7 Ssd 2tb Ram 12gb 15,6 Fhd",3169900 pesos,3169900 pesos$3.169.900
115,https://articulo.mercadolibre.com.co/MCO-1195736786-portatil-asus-intel-core-i5-1240p-disco-ssd-512gb-ram-16gb-_JM?searchVariation=176374049331#searchVariation=176374049331&position=9&search_layout=stack&type=item&tracking_id=08c2a574-223f-41c0-80c3-1a212b64339a,Portatil Asus Intel Core I5 1240p Disco Ssd 512gb + Ram 16gb,2819900 pesos,2819900 pesos$2.819.900
116,https://articulo.mercadolibre.com.co/MCO-1262168273-asus-intel-core-i7-1165g7-disco-ssd-2tb-hdd-1tb-ram-12gb-_JM?searchVariation=176840866682#searchVariation=176840866682&position=10&search_layout=stack&type=item&tracking_id=08c2a574-223f-41c0-80c3-1a212b64339a,Asus Intel Core I7 1165g7 Disco Ssd 2tb + Hdd 1tb Ram 12gb,4389900 pesos,4389900 pesos$4.389.900
117,https://articulo.mercadolibre.com.co/MCO-1270549701-portatil-lenovo-amd-ryzen-7-5700u-disco-ssd-1tb-ram-12gb-_JM?searchVariation=177036001120#searchVariation=177036001120&position=11&search_layout=stack&type=item&tracking_id=08c2a574-223f-41c0-80c3-1a212b64339a,Portatil Lenovo Amd Ryzen 7 5700u Disco Ssd 1tb Ram 12gb,3099900 pesos,3099900 pesos$3.099.900
118,https://articulo.mercadolibre.com.co/MCO-1309201302-portatil-lenovo-amd-ryzen-7-5700u-ssd-1tb-hdd1tb-ram-12gb-_JM?searchVariation=177036759378#searchVariation=177036759378&position=12&search_layout=stack&type=item&tracking_id=08c2a574-223f-41c0-80c3-1a212b64339a,Portatil Lenovo Amd Ryzen 7 5700u Ssd 1tb+ Hdd1tb Ram 12gb,3269900 pesos,3269900 pesos$3.269.900
119,https://articulo.mercadolibre.com.co/MCO-1309209724-portatil-lenovo-amd-ryzen-7-5700u-ssd-512gb-hdd1tb-ram-12gb-_JM?searchVariation=177036696936#searchVariation=177036696936&position=13&search_layout=stack&type=item&tracking_id=08c2a574-223f-41c0-80c3-1a212b64339a,Portatil Lenovo Amd Ryzen 7 5700u Ssd 512gb+ Hdd1tb Ram 12gb,3019900 pesos,3019900 pesos$3.019.900
120,https://articulo.mercadolibre.com.co/MCO-1364841406-portatil-asus-amd-ryzen-5-4600h-disco-ssd-1tb-ram-12gb-_JM?searchVariation=177231022212#searchVariation=177231022212&position=14&search_layout=stack&type=item&tracking_id=08c2a574-223f-41c0-80c3-1a212b64339a,Portatil Asus Amd Ryzen 5 4600h Disco Ssd 1tb + Ram 12gb,2589900 pesos,2589900 pesos$2.589.900
121,https://articulo.mercadolibre.com.co/MCO-1087040184-portatil-acer-intel-core-i3-1115g4-ssd-2tbhdd-1tb-ram-12gb-_JM?searchVariation=175876169329#searchVariation=175876169329&position=15&search_layout=stack&type=item&tracking_id=08c2a574-223f-41c0-80c3-1a212b64339a,Portatil Acer Intel Core I3 1115g4 Ssd 2tb+hdd 1tb Ram 12gb,2649900 pesos,2649900 pesos$2.649.900
122,https://articulo.mercadolibre.com.co/MCO-1261267525-portatil-asus-intel-core-i7-1165g7-disco-ssd-2tb-ram-16gb-_JM?searchVariation=176839099504#searchVariation=176839099504&position=16&search_layout=stack&type=item&tracking_id=08c2a574-223f-41c0-80c3-1a212b64339a,Portatil Asus Intel Core I7-1165g7 Disco Ssd 2tb Ram 16gb,4319900 pesos,4319900 pesos$4.319.900
123,https://articulo.mercadolibre.com.co/MCO-1266571846-laptop-asus-x515ea-core-i5-11av-gen-ssd-512g-12gb-fhd-win-11-_JM?searchVariation=176874670166#searchVariation=176874670166&position=17&search_layout=stack&type=item&tracking_id=08c2a574-223f-41c0-80c3-1a212b64339a,Laptop Asus X515ea Core I5 11av Gen Ssd 512g 12gb Fhd Win 11,Antes: 3750000 pesos,3488000 pesos$3.488.0006% OFF
124,https://articulo.mercadolibre.com.co/MCO-1253290689-portatil-hp-ryzen-5-5500u-16gb-512gb-ssd-156-fhd-rosa-win11-_JM?searchVariation=176761021583#searchVariation=176761021583&position=18&search_layout=stack&type=item&tracking_id=08c2a574-223f-41c0-80c3-1a212b64339a,"Portátil Hp Ryzen 5 5500u 16gb 512gb Ssd 15,6 Fhd Rosa Win11",2799950 pesos,2799950 pesos$2.799.950
125,https://articulo.mercadolibre.com.co/MCO-1021940138-portatil-dell-amd-ryzen-5-3450u-ssd-2tb-hdd-1tb-ram-12gb-_JM?searchVariation=175598878976#searchVariation=175598878976&position=19&search_layout=stack&type=item&tracking_id=08c2a574-223f-41c0-80c3-1a212b64339a,Portátil Dell Amd Ryzen 5 3450u Ssd 2tb + Hdd 1tb Ram 12gb,3049900 pesos,3049900 pesos$3.049.900
126,https://articulo.mercadolibre.com.co/MCO-1265647987-laptop-asus-x515ea-core-i5-11av-gen-ssd-512g-16gb-fhd-win-11-_JM?searchVariation=176877321825#searchVariation=176877321825&position=20&search_layout=stack&type=item&tracking_id=08c2a574-223f-41c0-80c3-1a212b64339a,Laptop Asus X515ea Core I5 11av Gen Ssd 512g 16gb Fhd Win 11,Antes: 3800000 pesos,3497000 pesos$3.497.0007% OFF
127,https://articulo.mercadolibre.com.co/MCO-1276139703-portatil-asus-amd-ryzen-5-4600h-disco-ssd-2tb-ram-16gb-_JM?searchVariation=177387305051#searchVariation=177387305051&position=21&search_layout=stack&type=item&tracking_id=08c2a574-223f-41c0-80c3-1a212b64339a,Portatil Asus Amd Ryzen 5 4600h Disco Ssd 2tb + Ram 16gb,3119900 pesos,3119900 pesos$3.119.900
128,https://articulo.mercadolibre.com.co/MCO-1276161495-portatil-asus-amd-ryzen-5-4600h-disco-ssd-2tb-ram-12gb-_JM?searchVariation=177231083268#searchVariation=177231083268&position=22&search_layout=stack&type=item&tracking_id=08c2a574-223f-41c0-80c3-1a212b64339a,Portatil Asus Amd Ryzen 5 4600h Disco Ssd 2tb + Ram 12gb,3029900 pesos,3029900 pesos$3.029.900
129,https://articulo.mercadolibre.com.co/MCO-852503970-laptop-asus-m1402-ryzen-5-4600h-512ssd-12-ram-2-gb-video-amd-_JM?searchVariation=174126799684#searchVariation=174126799684&position=23&search_layout=stack&type=item&tracking_id=08c2a574-223f-41c0-80c3-1a212b64339a,Laptop Asus M1402 Ryzen 5 4600h 512ssd 12 Ram 2 Gb Video Amd,3500000 pesos,3500000 pesos$3.500.000
130,https://articulo.mercadolibre.com.co/MCO-1409607168-portatil-gamer-victus-hp-rz5-ram-16gb-512gb-ssd-rtx3050-_JM?searchVariation=177536058985#searchVariation=177536058985&position=24&search_layout=stack&type=item&tracking_id=08c2a574-223f-41c0-80c3-1a212b64339a,"Portatil Gamer Victus Hp, Rz5, Ram 16gb, 512gb Ssd, Rtx3050",4399000 pesos,4399000 pesos$4.399.000
131,https://articulo.mercadolibre.com.co/MCO-1261268090-portatil-asus-intel-core-i7-1165g7-disco-ssd-512gb-ram-16gb-_JM?searchVariation=176839322379#searchVariation=176839322379&position=25&search_layout=stack&type=item&tracking_id=08c2a574-223f-41c0-80c3-1a212b64339a,Portatil Asus Intel Core I7-1165g7 Disco Ssd 512gb Ram 16gb,3629900 pesos,3629900 pesos$3.629.900
132,https://articulo.mercadolibre.com.co/MCO-972484152-portatil-asus-intel-core-i7-1165g7-ssd-2tb-ram-12gb-led-156-_JM?searchVariation=175353997654#searchVariation=175353997654&position=26&search_layout=stack&type=item&tracking_id=08c2a574-223f-41c0-80c3-1a212b64339a,"Portatil Asus Intel Core I7 1165g7 Ssd 2tb Ram 12gb Led 15,6",4249900 pesos,4249900 pesos$4.249.900
133,https://articulo.mercadolibre.com.co/MCO-1309221272-portatil-lenovo-amd-ryzen-7-5700u-ssd-512gb-hdd1tb-ram-16gb-_JM?searchVariation=177036665220#searchVariation=177036665220&position=27&search_layout=stack&type=item&tracking_id=08c2a574-223f-41c0-80c3-1a212b64339a,Portatil Lenovo Amd Ryzen 7 5700u Ssd 512gb+ Hdd1tb Ram 16gb,3099900 pesos,3099900 pesos$3.099.900
134,https://articulo.mercadolibre.com.co/MCO-1195692759-portatil-asus-intel-core-i5-1240p-disco-ssd-512gb-ram-12gb-_JM?searchVariation=176373807005#searchVariation=176373807005&position=28&search_layout=stack&type=item&tracking_id=08c2a574-223f-41c0-80c3-1a212b64339a,Portatil Asus Intel Core I5 1240p Disco Ssd 512gb + Ram 12gb,2729900 pesos,2729900 pesos$2.729.900
135,https://articulo.mercadolibre.com.co/MCO-866121125-laptop-acer-spin-5-sp513-54n-para-entrega-inmediata-_JM?searchVariation=174268600425#searchVariation=174268600425&position=29&search_layout=stack&type=item&tracking_id=08c2a574-223f-41c0-80c3-1a212b64339a,Laptop Acer Spin 5 Sp513-54n Para Entrega Inmediata!,4449000 pesos,4449000 pesos$4.449.000
136,https://articulo.mercadolibre.com.co/MCO-1385040608-laptop-asus-tuf-onceava-i5-11300h-ram-16gb-ssd-512gb-rtx3050-_JM?searchVariation=177456650865#searchVariation=177456650865&position=30&search_layout=stack&type=item&tracking_id=08c2a574-223f-41c0-80c3-1a212b64339a,Laptop Asus Tuf Onceava I5 11300h Ram 16gb Ssd 512gb Rtx3050,3894900 pesos,3894900 pesos$3.894.900
137,https://articulo.mercadolibre.com.co/MCO-1277670403-lenovo-gamer-ryzen-5-6600h-ssd-256gb-ddr5-8gb-rtx-3050-win11-_JM?searchVariation=177456689851#searchVariation=177456689851&position=31&search_layout=stack&type=item&tracking_id=08c2a574-223f-41c0-80c3-1a212b64339a,Lenovo Gamer Ryzen 5 6600h Ssd 256gb Ddr5 8gb Rtx 3050 Win11,3994900 pesos,3994900 pesos$3.994.900
138,https://www.mercadolibre.com.co/laptop-acer-spin-5-sp513-54n-gray-tactil-135-intel-core-i7-1065g7-16gb-de-ram-512gb-ssd-2256x1504px-windows-10-home/p/MCO18640655?pdp_filters=category:MCO1652%7Cprice:2500000-5000000#searchVariation=MCO18640655&position=41&search_layout=stack&type=product&tracking_id=08c2a574-223f-41c0-80c3-1a212b64339a,"Laptop Acer Spin 5 SP513-54N gray táctil 13.5"", Intel Core i7 1065G7  16GB de RAM 512GB SSD 2256x1504px Windows 10 Home",4449000 pesos,4449000 pesos$4.449.000
139,https://www.mercadolibre.com.co/laptop-lenovo-ideapad-14alc05-abyss-blue-tactil-14-amd-ryzen-7-5700u-16gb-de-ram-512gb-ssd-amd-radeon-rx-vega-8-ryzen-40005000-1920x1080px-windows-10-home/p/MCO21283936?pdp_filters=category:MCO1652%7Cprice:2500000-5000000#searchVariation=MCO21283936&position=2&search_layout=stack&type=product&tracking_id=08c2a574-223f-41c0-80c3-1a212b64339a,"Laptop Lenovo IdeaPad 14ALC05  abyss blue táctil 14"", AMD Ryzen 7 5700U  16GB de RAM 512GB SSD, AMD Radeon RX Vega 8 (Ryzen 4000/5000) 1920x1080px Windows 10 Home",3615000 pesos,3615000 pesos$3.615.000
140,https://articulo.mercadolibre.com.co/MCO-617676522-laptop-asus-vivobook-10th-intel-4-core-i5-12gb-_JM#position=32&search_layout=stack&type=item&tracking_id=08c2a574-223f-41c0-80c3-1a212b64339a,Laptop Asus Vivobook 10th Intel 4 Core I5 12gb ,4076900 pesos,4076900 pesos$4.076.900
141,https://articulo.mercadolibre.com.co/MCO-1215265467-acer-156-aspire-5-notebook-i7-16gb-512gbssd-_JM?searchVariation=176468335426#searchVariation=176468335426&position=33&search_layout=stack&type=item&tracking_id=08c2a574-223f-41c0-80c3-1a212b64339a,Acer 15.6  Aspire 5 Notebook I7 16gb 512gbssd,4130000 pesos,4130000 pesos$4.130.000
142,https://articulo.mercadolibre.com.co/MCO-604818195-portatil-asus-vivobook-15-portatil-delgado-y-ligero-156-p-_JM#position=34&search_layout=stack&type=item&tracking_id=08c2a574-223f-41c0-80c3-1a212b64339a,Portatil Asus Vivobook 15 Portatil Delgado Y Ligero - 15.6 P,3803900 pesos,3803900 pesos$3.803.900
143,https://articulo.mercadolibre.com.co/MCO-800619588-portatil-lenovo-flex-5-de-14-pulgada-_JM#position=35&search_layout=stack&type=item&tracking_id=08c2a574-223f-41c0-80c3-1a212b64339a,Portatil Lenovo Flex 5 De 14 Pulgada ,4939900 pesos,4939900 pesos$4.939.900
144,https://articulo.mercadolibre.com.co/MCO-595466956-portatil-hp-14-core-i5-10gen-ram-16gb-512gb-ssd-quadcore-_JM?searchVariation=68921206043#searchVariation=68921206043&position=36&search_layout=stack&type=item&tracking_id=08c2a574-223f-41c0-80c3-1a212b64339a,"Portátil Hp 14, Core I5 10gen Ram 16gb 512gb Ssd Quadcore.",Antes: 3849000 pesos,2999000 pesos$2.999.00022% OFF
145,https://articulo.mercadolibre.com.co/MCO-1265516597-laptop-asus-x1502za-core-i5-12av-gen-ssd-500gb-16gb-win-11-_JM#position=37&search_layout=stack&type=item&tracking_id=08c2a574-223f-41c0-80c3-1a212b64339a,Laptop Asus X1502za Core I5 12av Gen Ssd 500gb 16gb Win 11,Antes: 3200000 pesos,2944000 pesos$2.944.0008% OFF
146,https://articulo.mercadolibre.com.co/MCO-1309182408-portatil-lenovo-amd-ryzen-7-5700u-disco-ssd-2tb-ram-16gb-_JM?searchVariation=177036525574#searchVariation=177036525574&position=38&search_layout=stack&type=item&tracking_id=08c2a574-223f-41c0-80c3-1a212b64339a,Portatil Lenovo Amd Ryzen 7 5700u Disco Ssd 2tb + Ram 16gb,3629900 pesos,3629900 pesos$3.629.900
147,https://articulo.mercadolibre.com.co/MCO-1051683668-portatil-acer-amd-ryzen-7-5700u-ssd-2tb-hdd-1tb-ram-12gb-_JM?searchVariation=175732250452#searchVariation=175732250452&position=39&search_layout=stack&type=item&tracking_id=08c2a574-223f-41c0-80c3-1a212b64339a,Portatil Acer Amd Ryzen 7 5700u Ssd 2tb + Hdd 1tb Ram 12gb,4449900 pesos,4449900 pesos$4.449.900
148,https://articulo.mercadolibre.com.co/MCO-1205975581-portatil-asus-m515da-bq1416-amd-ryzen-7-3700u16gb1tb512gb-_JM?searchVariation=176423486321#searchVariation=176423486321&position=40&search_layout=stack&type=item&tracking_id=08c2a574-223f-41c0-80c3-1a212b64339a,Portatil Asus M515da-bq1416 Amd Ryzen 7 3700u/16gb/1tb+512gb,2699000 pesos,2699000 pesos$2.699.000
149,https://articulo.mercadolibre.com.co/MCO-1274371799-dell-latitude-7210-2-en-1-16ram-256ssd-core-i7-win-10-pro-_JM?searchVariation=177298284323#searchVariation=177298284323&position=41&search_layout=stack&type=item&tracking_id=08c2a574-223f-41c0-80c3-1a212b64339a,Dell Latitude 7210 2 En 1- 16ram 256ssd Core I7 Win 10 Pro,3700000 pesos,3700000 pesos$3.700.000
